-- MySQL dump 10.13  Distrib 8.0.36, for Win64 (x86_64)
--
-- Host: 127.0.0.1    Database: my_db
-- ------------------------------------------------------
-- Server version	8.0.37

/*!40101 SET @OLD_CHARACTER_SET_CLIENT=@@CHARACTER_SET_CLIENT */;
/*!40101 SET @OLD_CHARACTER_SET_RESULTS=@@CHARACTER_SET_RESULTS */;
/*!40101 SET @OLD_COLLATION_CONNECTION=@@COLLATION_CONNECTION */;
/*!50503 SET NAMES utf8 */;
/*!40103 SET @OLD_TIME_ZONE=@@TIME_ZONE */;
/*!40103 SET TIME_ZONE='+00:00' */;
/*!40014 SET @OLD_UNIQUE_CHECKS=@@UNIQUE_CHECKS, UNIQUE_CHECKS=0 */;
/*!40014 SET @OLD_FOREIGN_KEY_CHECKS=@@FOREIGN_KEY_CHECKS, FOREIGN_KEY_CHECKS=0 */;
/*!40101 SET @OLD_SQL_MODE=@@SQL_MODE, SQL_MODE='NO_AUTO_VALUE_ON_ZERO' */;
/*!40111 SET @OLD_SQL_NOTES=@@SQL_NOTES, SQL_NOTES=0 */;

--
-- Table structure for table `board`
--

DROP TABLE IF EXISTS `board`;
/*!40101 SET @saved_cs_client     = @@character_set_client */;
/*!50503 SET character_set_client = utf8mb4 */;
CREATE TABLE `board` (
  `boardNo` int NOT NULL AUTO_INCREMENT,
  `title` varchar(100) CHARACTER SET utf8mb3 COLLATE utf8mb3_unicode_ci NOT NULL,
  `content` text CHARACTER SET utf8mb3 COLLATE utf8mb3_unicode_ci,
  `regDate` datetime NOT NULL,
  `userNo` int DEFAULT NULL,
  `userName` varchar(45) CHARACTER SET utf8mb3 COLLATE utf8mb3_unicode_ci DEFAULT NULL,
  PRIMARY KEY (`boardNo`)
) ENGINE=InnoDB AUTO_INCREMENT=29 DEFAULT CHARSET=utf8mb3 COLLATE=utf8mb3_unicode_ci;
/*!40101 SET character_set_client = @saved_cs_client */;

--
-- Dumping data for table `board`
--

LOCK TABLES `board` WRITE;
/*!40000 ALTER TABLE `board` DISABLE KEYS */;
INSERT INTO `board` VALUES (11,'게시글 등록!','안녕','2024-06-26 02:29:57',1,'첫번째회원'),(12,'게시글 등록ㅎㅇ','ㅎㅇㅎㅇㅎㅇㅎㅎㅇ','2024-06-26 02:31:28',2,'사용자2'),(13,'ㅇㅇㅇ','ㅇㅇㅇ','2024-06-28 14:17:16',1,'첫번째회원'),(17,'test','test222333','2024-07-19 02:53:13',4,'aa'),(18,'test2','test','2024-07-19 19:08:58',4,'aa'),(19,'test3','test','2024-07-19 19:09:04',4,'aa'),(20,'test4','testaaaa','2024-07-19 19:09:08',4,'aa'),(21,'test5','test','2024-07-22 00:50:02',4,'aa'),(22,'test6','test','2024-07-22 00:50:06',4,'aa'),(23,'test7','test','2024-07-22 00:50:23',4,'aa'),(27,'aa','zz','2024-08-21 23:27:10',4,'aa'),(28,'bb','bb-1','2024-08-22 23:27:38',5,'bb');
/*!40000 ALTER TABLE `board` ENABLE KEYS */;
UNLOCK TABLES;

--
-- Table structure for table `comment`
--

DROP TABLE IF EXISTS `comment`;
/*!40101 SET @saved_cs_client     = @@character_set_client */;
/*!50503 SET character_set_client = utf8mb4 */;
CREATE TABLE `comment` (
  `commentNo` int NOT NULL AUTO_INCREMENT,
  `boardNo` int NOT NULL,
  `userNo` int NOT NULL,
  `userName` varchar(45) CHARACTER SET utf8mb3 COLLATE utf8mb3_unicode_ci NOT NULL,
  `comment` varchar(200) CHARACTER SET utf8mb3 COLLATE utf8mb3_unicode_ci NOT NULL,
  `regDate` datetime DEFAULT NULL,
  PRIMARY KEY (`commentNo`)
) ENGINE=InnoDB AUTO_INCREMENT=4 DEFAULT CHARSET=utf8mb3 COLLATE=utf8mb3_unicode_ci;
/*!40101 SET character_set_client = @saved_cs_client */;

--
-- Dumping data for table `comment`
--

LOCK TABLES `comment` WRITE;
/*!40000 ALTER TABLE `comment` DISABLE KEYS */;
INSERT INTO `comment` VALUES (1,13,1,'첫번째회원','댓글 테스트','2024-06-28 17:40:17'),(2,13,1,'첫번째회원','두번째 댓글','2024-06-28 17:55:33'),(3,13,1,'첫번째회원','세번째 댓글','2024-06-28 17:58:10');
/*!40000 ALTER TABLE `comment` ENABLE KEYS */;
UNLOCK TABLES;

--
-- Table structure for table `member`
--

DROP TABLE IF EXISTS `member`;
/*!40101 SET @saved_cs_client     = @@character_set_client */;
/*!50503 SET character_set_client = utf8mb4 */;
CREATE TABLE `member` (
  `userNo` int NOT NULL AUTO_INCREMENT,
  `userId` varchar(45) CHARACTER SET utf8mb3 COLLATE utf8mb3_unicode_ci NOT NULL,
  `userPw` varchar(60) CHARACTER SET utf8mb3 COLLATE utf8mb3_unicode_ci NOT NULL,
  `userName` varchar(45) CHARACTER SET utf8mb3 COLLATE utf8mb3_unicode_ci NOT NULL,
  `regDate` datetime DEFAULT NULL,
  PRIMARY KEY (`userNo`),
  UNIQUE KEY `userId_UNIQUE` (`userId`)
) ENGINE=InnoDB AUTO_INCREMENT=6 DEFAULT CHARSET=utf8mb3 COLLATE=utf8mb3_unicode_ci;
/*!40101 SET character_set_client = @saved_cs_client */;

--
-- Dumping data for table `member`
--

LOCK TABLES `member` WRITE;
/*!40000 ALTER TABLE `member` DISABLE KEYS */;
INSERT INTO `member` VALUES (1,'test','1234','첫번째회원','2024-01-01 10:30:00'),(2,'test2','1234','사용자2','2024-06-23 23:20:10'),(3,'test3','1234','사용자3','2024-06-23 23:22:50'),(4,'aa','$2b$10$9lqVwQ4hbHJQXamAEdjrleZ0O0gAYyxJd0UiFIjYvTKFuYOr02G2m','aa','2024-07-15 00:05:44'),(5,'bb','$2b$10$2GJVJFhyuu0gbqI2UhKHEumUeibcZIp667GPKSQW5aM4BoC3RekZ.','bb','2024-08-22 23:27:26');
/*!40000 ALTER TABLE `member` ENABLE KEYS */;
UNLOCK TABLES;

--
-- Table structure for table `my_stadium`
--

DROP TABLE IF EXISTS `my_stadium`;
/*!40101 SET @saved_cs_client     = @@character_set_client */;
/*!50503 SET character_set_client = utf8mb4 */;
CREATE TABLE `my_stadium` (
  `myStadiumNo` int NOT NULL AUTO_INCREMENT,
  `userNo` int NOT NULL,
  `mapId` varchar(45) CHARACTER SET utf8mb3 COLLATE utf8mb3_unicode_ci NOT NULL,
  `place_name` varchar(50) CHARACTER SET utf8mb3 COLLATE utf8mb3_unicode_ci NOT NULL,
  `road_address_name` varchar(100) CHARACTER SET utf8mb3 COLLATE utf8mb3_unicode_ci DEFAULT NULL,
  `address_name` varchar(100) CHARACTER SET utf8mb3 COLLATE utf8mb3_unicode_ci DEFAULT NULL,
  `x` varchar(20) CHARACTER SET utf8mb3 COLLATE utf8mb3_unicode_ci NOT NULL,
  `y` varchar(20) CHARACTER SET utf8mb3 COLLATE utf8mb3_unicode_ci NOT NULL,
  PRIMARY KEY (`myStadiumNo`)
) ENGINE=InnoDB AUTO_INCREMENT=63 DEFAULT CHARSET=utf8mb3 COLLATE=utf8mb3_unicode_ci;
/*!40101 SET character_set_client = @saved_cs_client */;

--
-- Dumping data for table `my_stadium`
--

LOCK TABLES `my_stadium` WRITE;
/*!40000 ALTER TABLE `my_stadium` DISABLE KEYS */;
INSERT INTO `my_stadium` VALUES (55,4,'247981013','푸마타운 풋살장','경기 수원시 팔달구 덕영대로 924','경기 수원시 팔달구 매산로1가 18','126.999594133163','37.2673635262554'),(56,4,'59783337','수원롯데몰 컬러디움 야외풋살장','경기 수원시 권선구 세화로 134','경기 수원시 권선구 서둔동 381','126.997294335048','37.2641783129118'),(57,4,'1849449239','HK풋살파크','경기 수원시 권선구 매송고색로 903','경기 수원시 권선구 평동 130-1','126.99910717046296','37.26079853040919'),(58,4,'240765639','팩토리풋살파크','경기 수원시 권선구 수인로 163-1','경기 수원시 권선구 서둔동 235-2','126.980953944661','37.2748334275445'),(59,5,'73012062','누누풋살장 오목천점','','경기 수원시 권선구 오목천동 559','126.966516969259','37.2396724214764'),(60,5,'1507490918','피닉스풋살파크','경기 수원시 권선구 오목천로 36-1','경기 수원시 권선구 오목천동 559-7','126.966519344002','37.2393994052515'),(61,5,'816428541','수원시티FC축구센터','경기 화성시 매송면 매송고색로503번길 219-7','경기 화성시 매송면 천천리 35-46','126.95234369953','37.2506936531024'),(62,5,'118311244','칠보인조잔디구장','','경기 수원시 권선구 금곡동 1071','126.94923856257006','37.27561068488066');
/*!40000 ALTER TABLE `my_stadium` ENABLE KEYS */;
UNLOCK TABLES;

--
-- Table structure for table `stadium`
--

DROP TABLE IF EXISTS `stadium`;
/*!40101 SET @saved_cs_client     = @@character_set_client */;
/*!50503 SET character_set_client = utf8mb4 */;
CREATE TABLE `stadium` (
  `stadiumNo` int NOT NULL AUTO_INCREMENT,
  `title` varchar(100) CHARACTER SET utf8mb3 COLLATE utf8mb3_unicode_ci NOT NULL,
  `address` varchar(45) CHARACTER SET utf8mb3 COLLATE utf8mb3_unicode_ci NOT NULL,
  `latitude` varchar(45) CHARACTER SET utf8mb3 COLLATE utf8mb3_unicode_ci NOT NULL,
  `longitude` varchar(45) CHARACTER SET utf8mb3 COLLATE utf8mb3_unicode_ci NOT NULL,
  `regDate` datetime NOT NULL,
  PRIMARY KEY (`stadiumNo`)
) ENGINE=InnoDB AUTO_INCREMENT=4 DEFAULT CHARSET=utf8mb3 COLLATE=utf8mb3_unicode_ci;
/*!40101 SET character_set_client = @saved_cs_client */;

--
-- Dumping data for table `stadium`
--

LOCK TABLES `stadium` WRITE;
/*!40000 ALTER TABLE `stadium` DISABLE KEYS */;
INSERT INTO `stadium` VALUES (1,'HK 풋살파크','경기도 수원시 권선구 매송고색로 903','37.26079943138349','126.99909815197205','2024-07-22 16:00:00'),(2,'컬러디움 야외풋살장','경기도 수원시 권선구 세화로 134 5층','37.26397557932112','126.99733379980867','2024-07-22 16:00:00'),(3,'푸마타운 풋살장','경기도 수원시 팔달구 덕영대로 924 AK&(신축건물) 7층 옥상공원','37.267381547154564','126.99961386270915','2024-07-22 16:00:00');
/*!40000 ALTER TABLE `stadium` ENABLE KEYS */;
UNLOCK TABLES;

--
-- Table structure for table `team`
--

DROP TABLE IF EXISTS `team`;
/*!40101 SET @saved_cs_client     = @@character_set_client */;
/*!50503 SET character_set_client = utf8mb4 */;
CREATE TABLE `team` (
  `teamNo` int NOT NULL AUTO_INCREMENT,
  `teamName` varchar(100) CHARACTER SET utf8mb3 COLLATE utf8mb3_unicode_ci NOT NULL,
  `teamDesc` text CHARACTER SET utf8mb3 COLLATE utf8mb3_unicode_ci NOT NULL,
  `teamImgKey` varchar(200) COLLATE utf8mb3_unicode_ci DEFAULT NULL,
  `teamImgPath` text CHARACTER SET utf8mb3 COLLATE utf8mb3_general_ci,
  `regDate` datetime NOT NULL,
  PRIMARY KEY (`teamNo`)
) ENGINE=InnoDB AUTO_INCREMENT=11 DEFAULT CHARSET=utf8mb3 COLLATE=utf8mb3_unicode_ci;
/*!40101 SET character_set_client = @saved_cs_client */;

--
-- Dumping data for table `team`
--

LOCK TABLES `team` WRITE;
/*!40000 ALTER TABLE `team` DISABLE KEYS */;
INSERT INTO `team` VALUES (1,'하한마FS','안녕하세요. 수원에서 활동하는 하한마FS입니다. 즐겁게 운동해요~ 안녕하세요. 수원에서 활동하는 하한마FS입니다. 즐겁게 운동해요!','1724088266523_myteam_img.png','https://jh-img-upload.s3.ap-northeast-2.amazonaws.com/1724088266523_myteam_img.png','2024-08-01 22:48:26'),(2,'test2','aaaaa','','','2024-08-01 23:04:31'),(3,'test3','aaa','','','2024-08-01 23:07:35'),(4,'test4','aa','','','2024-08-01 23:07:55'),(5,'test5','asd','','','2024-08-01 23:43:24'),(6,'test6','asd','','','2024-08-01 23:43:36'),(7,'test7','asd','','','2024-08-01 23:43:41'),(8,'aaa','zzz','','','2024-08-01 23:44:29'),(9,'ww','zz','','','2024-08-01 23:47:07'),(10,'ㅁㅁㅁ','ㅋㅌㅊ','1724087801459_%C3%AB%C2%A6%C2%AC%C3%AC%C2%95%C2%A1%C3%AD%C2%8A%C2%B8%20%C3%AB%C2%A0%C2%8C%C3%AB%C2%8D%C2%94%C3%AB%C2%A7%C2%81%C3%AC%C2%88%C2%9C%C3%AC%C2%84%C2%9C.png','https://jh-img-upload.s3.ap-northeast-2.amazonaws.com/1724087801459_%25C3%25AB%25C2%25A6%25C2%25AC%25C3%25AC%25C2%2595%25C2%25A1%25C3%25AD%25C2%258A%25C2%25B8%2520%25C3%25AB%25C2%25A0%25C2%258C%25C3%25AB%25C2%258D%25C2%2594%25C3%25AB%25C2%25A7%25C2%2581%25C3%25AC%25C2%2588%25C2%259C%25C3%25AC%25C2%2584%25C2%259C.png','2024-08-20 02:16:41');
/*!40000 ALTER TABLE `team` ENABLE KEYS */;
UNLOCK TABLES;

--
-- Table structure for table `team_join`
--

DROP TABLE IF EXISTS `team_join`;
/*!40101 SET @saved_cs_client     = @@character_set_client */;
/*!50503 SET character_set_client = utf8mb4 */;
CREATE TABLE `team_join` (
  `teamJoinNo` int NOT NULL AUTO_INCREMENT,
  `teamNo` int NOT NULL,
  `userNo` int NOT NULL,
  `level` tinyint NOT NULL COMMENT '1: 팀 생성자\\n2: 팀 관리자\\n3: 팀 일반회원',
  `status` tinyint NOT NULL COMMENT '1: 가입승인\\\\n2: 가입거절\\\\n3: 가입대기',
  `backnumber` varchar(4) COLLATE utf8mb3_unicode_ci DEFAULT NULL,
  `etc` text COLLATE utf8mb3_unicode_ci,
  `regDate` datetime NOT NULL,
  PRIMARY KEY (`teamJoinNo`)
) ENGINE=InnoDB AUTO_INCREMENT=7 DEFAULT CHARSET=utf8mb3 COLLATE=utf8mb3_unicode_ci;
/*!40101 SET character_set_client = @saved_cs_client */;

--
-- Dumping data for table `team_join`
--

LOCK TABLES `team_join` WRITE;
/*!40000 ALTER TABLE `team_join` DISABLE KEYS */;
INSERT INTO `team_join` VALUES (3,1,4,2,1,'10','30득점 30어시스트 ~~','2024-08-02 18:31:47'),(4,1,3,3,1,'21','gddgg','2024-08-02 18:31:47'),(5,1,2,3,1,'1','','2024-08-02 18:31:47'),(6,1,5,3,3,'',NULL,'2024-08-22 23:27:59');
/*!40000 ALTER TABLE `team_join` ENABLE KEYS */;
UNLOCK TABLES;

--
-- Table structure for table `team_record`
--

DROP TABLE IF EXISTS `team_record`;
/*!40101 SET @saved_cs_client     = @@character_set_client */;
/*!50503 SET character_set_client = utf8mb4 */;
CREATE TABLE `team_record` (
  `teamRecordNo` int NOT NULL AUTO_INCREMENT,
  `teamNo` int NOT NULL,
  `myScore` varchar(4) COLLATE utf8mb3_unicode_ci NOT NULL,
  `opponentScore` varchar(4) COLLATE utf8mb3_unicode_ci NOT NULL,
  `opponentName` varchar(50) COLLATE utf8mb3_unicode_ci NOT NULL,
  `regDate` datetime NOT NULL,
  PRIMARY KEY (`teamRecordNo`)
) ENGINE=InnoDB AUTO_INCREMENT=7 DEFAULT CHARSET=utf8mb3 COLLATE=utf8mb3_unicode_ci;
/*!40101 SET character_set_client = @saved_cs_client */;

--
-- Dumping data for table `team_record`
--

LOCK TABLES `team_record` WRITE;
/*!40000 ALTER TABLE `team_record` DISABLE KEYS */;
INSERT INTO `team_record` VALUES (1,1,'5','3','맨시티','2024-08-22 18:00:47'),(4,1,'1','0','test','2024-08-22 17:09:08'),(6,1,'1','2','late','2024-08-22 17:18:53');
/*!40000 ALTER TABLE `team_record` ENABLE KEYS */;
UNLOCK TABLES;

--
-- Table structure for table `token`
--

DROP TABLE IF EXISTS `token`;
/*!40101 SET @saved_cs_client     = @@character_set_client */;
/*!50503 SET character_set_client = utf8mb4 */;
CREATE TABLE `token` (
  `tokenNo` int NOT NULL AUTO_INCREMENT,
  `refreshToken` varchar(200) CHARACTER SET utf8mb3 COLLATE utf8mb3_unicode_ci NOT NULL,
  `regDate` datetime NOT NULL,
  PRIMARY KEY (`tokenNo`)
) ENGINE=InnoDB AUTO_INCREMENT=82 DEFAULT CHARSET=utf8mb3 COLLATE=utf8mb3_unicode_ci;
/*!40101 SET character_set_client = @saved_cs_client */;

--
-- Dumping data for table `token`
--

LOCK TABLES `token` WRITE;
/*!40000 ALTER TABLE `token` DISABLE KEYS */;
INSERT INTO `token` VALUES (1,'eyJhbGciOiJIUzI1NiIsInR5cCI6IkpXVCJ9.eyJ1c2VySWQiOiJhYSIsInVzZXJOYW1lIjoiYWEiLCJpYXQiOjE3MjEwNjQ5MTIsImV4cCI6MTcyMTY2OTcxMn0.kznfB8suTPzTCIR443kI0shUp3Aft893n2PHCNoXLeA','2024-07-16 02:35:12'),(2,'eyJhbGciOiJIUzI1NiIsInR5cCI6IkpXVCJ9.eyJ1c2VySWQiOiJhYSIsInVzZXJOYW1lIjoiYWEiLCJpYXQiOjE3MjEwNjQ5MTYsImV4cCI6MTcyMTY2OTcxNn0.nJ-h4QFUhu0G1RlmXB79SbCZyCRzINgkt5HgsAj0u4Q','2024-07-16 02:35:16'),(3,'eyJhbGciOiJIUzI1NiIsInR5cCI6IkpXVCJ9.eyJ1c2VySWQiOiJhYSIsInVzZXJOYW1lIjoiYWEiLCJpYXQiOjE3MjExMTAyMTUsImV4cCI6MTcyMTcxNTAxNX0.aJc2MuTDmTjs26FH17MIokU6vKVKOgxVnuaCFWmO28k','2024-07-16 15:10:15'),(4,'eyJhbGciOiJIUzI1NiIsInR5cCI6IkpXVCJ9.eyJ1c2VySWQiOiJhYSIsInVzZXJOYW1lIjoiYWEiLCJpYXQiOjE3MjExMTA2NDgsImV4cCI6MTcyMTcxNTQ0OH0.iTSTRdfFQ1KaIHzaAERNku-C1Oqc9nKf_IFVhOHekXE','2024-07-16 15:17:28'),(5,'eyJhbGciOiJIUzI1NiIsInR5cCI6IkpXVCJ9.eyJ1c2VySWQiOiJhYSIsInVzZXJOYW1lIjoiYWEiLCJpYXQiOjE3MjExMTIzNDksImV4cCI6MTcyMTcxNzE0OX0.AkaGWFONDZC9xGCKq3hPQ6VRyDuDS6FVsEjG1421MtY','2024-07-16 15:45:49'),(6,'eyJhbGciOiJIUzI1NiIsInR5cCI6IkpXVCJ9.eyJ1c2VySWQiOiJhYSIsInVzZXJOYW1lIjoiYWEiLCJpYXQiOjE3MjExMTI3NTQsImV4cCI6MTcyMTcxNzU1NH0.Nc_qCawpQETcWCpGT4ztwGh-RAbTSXBRmlzAkWG3-v8','2024-07-16 15:52:34'),(7,'eyJhbGciOiJIUzI1NiIsInR5cCI6IkpXVCJ9.eyJ1c2VySWQiOiJhYSIsInVzZXJOYW1lIjoiYWEiLCJpYXQiOjE3MjExMTI5NDcsImV4cCI6MTcyMTcxNzc0N30.KZ0GsdG0KxI8uYuWlFRQ4EUvh65vRVkZ8P6nPdily58','2024-07-16 15:55:47'),(8,'eyJhbGciOiJIUzI1NiIsInR5cCI6IkpXVCJ9.eyJ1c2VySWQiOiJhYSIsInVzZXJOYW1lIjoiYWEiLCJpYXQiOjE3MjExMTMwMDUsImV4cCI6MTcyMTcxNzgwNX0.b7lUx2OjSCSrJo5udmCVEFk_o2zIueYcRFqddN2IlmI','2024-07-16 15:56:45'),(9,'eyJhbGciOiJIUzI1NiIsInR5cCI6IkpXVCJ9.eyJ1c2VySWQiOiJhYSIsInVzZXJOYW1lIjoiYWEiLCJpYXQiOjE3MjExMTMwNTAsImV4cCI6MTcyMTcxNzg1MH0.b1CdN_KoEmMq1DJLhEAUXtPVAI5LMBe9jRbeL7sDmpM','2024-07-16 15:57:30'),(10,'eyJhbGciOiJIUzI1NiIsInR5cCI6IkpXVCJ9.eyJ1c2VySWQiOiJhYSIsInVzZXJOYW1lIjoiYWEiLCJpYXQiOjE3MjExMTMwNjAsImV4cCI6MTcyMTcxNzg2MH0.HgPdJcRGwjbAbeE3mGDqwx6RBynRkw22JDTFz5F4LUs','2024-07-16 15:57:40'),(11,'eyJhbGciOiJIUzI1NiIsInR5cCI6IkpXVCJ9.eyJ1c2VySWQiOiJhYSIsInVzZXJOYW1lIjoiYWEiLCJpYXQiOjE3MjExMTMwOTAsImV4cCI6MTcyMTcxNzg5MH0.DbzMhE7zsVu_edfTwbG3YSBsfEa3AlyAs3a25Azw4eo','2024-07-16 15:58:10'),(12,'eyJhbGciOiJIUzI1NiIsInR5cCI6IkpXVCJ9.eyJ1c2VySWQiOiJhYSIsInVzZXJOYW1lIjoiYWEiLCJpYXQiOjE3MjExMTMxMzEsImV4cCI6MTcyMTcxNzkzMX0.gkGy0C-Jhx_QJRlVREJnrEqAAYdSZnUsm9xrKlYRUJU','2024-07-16 15:58:51'),(13,'eyJhbGciOiJIUzI1NiIsInR5cCI6IkpXVCJ9.eyJ1c2VySWQiOiJhYSIsInVzZXJOYW1lIjoiYWEiLCJpYXQiOjE3MjExMTMxODksImV4cCI6MTcyMTcxNzk4OX0.AXlPOJv-g2hA79oSdpftjPamfbG8cR_3LOyjT-NjNu4','2024-07-16 15:59:49'),(14,'eyJhbGciOiJIUzI1NiIsInR5cCI6IkpXVCJ9.eyJ1c2VySWQiOiJhYSIsInVzZXJOYW1lIjoiYWEiLCJpYXQiOjE3MjExMjQ0NzQsImV4cCI6MTcyMTcyOTI3NH0.bCOA92opnekXBfmmItr8gujsM2URL2FS_7FKIUNJMhk','2024-07-16 19:07:54'),(15,'eyJhbGciOiJIUzI1NiIsInR5cCI6IkpXVCJ9.eyJ1c2VySWQiOiJhYSIsInVzZXJOYW1lIjoiYWEiLCJpYXQiOjE3MjEzMDI2NzgsImV4cCI6MTcyMTkwNzQ3OH0.yi0cvR3dYHA-9DI1o-9b3yU6JHI57-y9ddxgdUX9U7o','2024-07-18 20:37:58'),(16,'eyJhbGciOiJIUzI1NiIsInR5cCI6IkpXVCJ9.eyJ1c2VySWQiOiJhYSIsInVzZXJOYW1lIjoiYWEiLCJpYXQiOjE3MjEzMDI3OTAsImV4cCI6MTcyMTkwNzU5MH0.JX1x6o9V1AB7Xd9OGiv6H5siwE-bNpSkrBJVEXC1s1I','2024-07-18 20:39:50'),(17,'eyJhbGciOiJIUzI1NiIsInR5cCI6IkpXVCJ9.eyJ1c2VySWQiOiJhYSIsInVzZXJOYW1lIjoiYWEiLCJpYXQiOjE3MjEzMDQ5MTIsImV4cCI6MTcyMTkwOTcxMn0.rgFW_7GMXNLWsYxt9sDJFnqv5UuZ8S4kiA9UC9dhlyo','2024-07-18 21:15:12'),(18,'eyJhbGciOiJIUzI1NiIsInR5cCI6IkpXVCJ9.eyJ1c2VySWQiOiJhYSIsInVzZXJOYW1lIjoiYWEiLCJpYXQiOjE3MjEzMDQ5MjYsImV4cCI6MTcyMTkwOTcyNn0.eeYIlrVTn6O1jUbjJwuNKfASltisuBUbxi8XR4Lo9xA','2024-07-18 21:15:26'),(19,'eyJhbGciOiJIUzI1NiIsInR5cCI6IkpXVCJ9.eyJ1c2VySWQiOiJhYSIsInVzZXJOYW1lIjoiYWEiLCJpYXQiOjE3MjEzMDQ5NDYsImV4cCI6MTcyMTkwOTc0Nn0.sjCwLb-fZb5ouD77Q1vnrPAzkZAHK5aaaWTN_6eZnGg','2024-07-18 21:15:46'),(20,'eyJhbGciOiJIUzI1NiIsInR5cCI6IkpXVCJ9.eyJ1c2VySWQiOiJhYSIsInVzZXJOYW1lIjoiYWEiLCJpYXQiOjE3MjEzMDQ5ODYsImV4cCI6MTcyMTkwOTc4Nn0.e974msJ6BiMFUgAmjYbfLuarFe9WWgDW0zflnsdruuc','2024-07-18 21:16:26'),(21,'eyJhbGciOiJIUzI1NiIsInR5cCI6IkpXVCJ9.eyJ1c2VySWQiOiJhYSIsInVzZXJOYW1lIjoiYWEiLCJpYXQiOjE3MjEzMDUwMDIsImV4cCI6MTcyMTkwOTgwMn0.6Tk3tfQ7PkyLpz7grw-WrnucpaOrOx-71UR3xViDzeM','2024-07-18 21:16:42'),(22,'eyJhbGciOiJIUzI1NiIsInR5cCI6IkpXVCJ9.eyJ1c2VyTm8iOjQsInVzZXJOYW1lIjoiYWEiLCJpYXQiOjE3MjEzMDc2NjUsImV4cCI6MTcyMTkxMjQ2NX0.XBaJFIziDZrmIz3FZTEzv9TwPt52BZaSUWjRKrVenVc','2024-07-18 22:01:05'),(23,'eyJhbGciOiJIUzI1NiIsInR5cCI6IkpXVCJ9.eyJ1c2VyTm8iOjQsInVzZXJOYW1lIjoiYWEiLCJpYXQiOjE3MjEzMjA2MTUsImV4cCI6MTcyMTkyNTQxNX0.kYRGxYPn9rNPvctN9s5Pu11kEQdC-6Yvj_kiUQdtSLU','2024-07-19 01:36:55'),(24,'eyJhbGciOiJIUzI1NiIsInR5cCI6IkpXVCJ9.eyJ1c2VyTm8iOjQsInVzZXJOYW1lIjoiYWEiLCJpYXQiOjE3MjEzMjEyNzEsImV4cCI6MTcyMTkyNjA3MX0.MdQhOFAThv8E_QdNQv6bxHVL9VZneizp-9IzPYMRrk4','2024-07-19 01:47:51'),(25,'eyJhbGciOiJIUzI1NiIsInR5cCI6IkpXVCJ9.eyJ1c2VyTm8iOjQsInVzZXJOYW1lIjoiYWEiLCJpYXQiOjE3MjEzMjEzMjAsImV4cCI6MTcyMTkyNjEyMH0.Y1DCzTwAwuDeduqRdsG5wEJfEs2f_hKwfFUSqmJqoO4','2024-07-19 01:48:40'),(26,'eyJhbGciOiJIUzI1NiIsInR5cCI6IkpXVCJ9.eyJ1c2VyTm8iOjQsInVzZXJOYW1lIjoiYWEiLCJpYXQiOjE3MjEzMjQ5OTQsImV4cCI6MTcyMTkyOTc5NH0.26dMOPYQlicS5Q-OV6d1dWpIW4G6BQEdpbG8eDzXWKE','2024-07-19 02:49:54'),(27,'eyJhbGciOiJIUzI1NiIsInR5cCI6IkpXVCJ9.eyJ1c2VyTm8iOjQsInVzZXJOYW1lIjoiYWEiLCJpYXQiOjE3MjEzNzY4OTYsImV4cCI6MTcyMTk4MTY5Nn0.U82780xs5ZNpxNO7gbPvqCOSkaLTzig-ORm2c9RA3oc','2024-07-19 17:14:56'),(28,'eyJhbGciOiJIUzI1NiIsInR5cCI6IkpXVCJ9.eyJ1c2VyTm8iOjQsInVzZXJOYW1lIjoiYWEiLCJpYXQiOjE3MjEzNzgwMjQsImV4cCI6MTcyMTk4MjgyNH0.1-YupjULLUYg40a41tSztheLlPrF_KtzzdJj5uUC1Fk','2024-07-19 17:33:44'),(29,'eyJhbGciOiJIUzI1NiIsInR5cCI6IkpXVCJ9.eyJ1c2VyTm8iOjQsInVzZXJOYW1lIjoiYWEiLCJpYXQiOjE3MjEzNzgwMzUsImV4cCI6MTcyMTk4MjgzNX0.jtr9pzddO-dsMZyEMMH9jDde-n6uQ7SUjPv4lncSCWU','2024-07-19 17:33:55'),(30,'eyJhbGciOiJIUzI1NiIsInR5cCI6IkpXVCJ9.eyJ1c2VyTm8iOjQsInVzZXJOYW1lIjoiYWEiLCJpYXQiOjE3MjEzODM3MzIsImV4cCI6MTcyMTk4ODUzMn0.AQAi-GQkdjISaAedKJmYDbCImMJh2fH_dHGlZ0c-4A8','2024-07-19 19:08:52'),(31,'eyJhbGciOiJIUzI1NiIsInR5cCI6IkpXVCJ9.eyJ1c2VyTm8iOjQsInVzZXJOYW1lIjoiYWEiLCJpYXQiOjE3MjE1Njk1MjIsImV4cCI6MTcyMTYxMjcyMn0.z6yFcwwz3NWJnbxZfzKzh4mN84sZmv7-DfWwrz_xE-w','2024-07-21 22:45:22'),(32,'eyJhbGciOiJIUzI1NiIsInR5cCI6IkpXVCJ9.eyJ1c2VyTm8iOjQsInVzZXJOYW1lIjoiYWEiLCJpYXQiOjE3MjE1Njk1NTgsImV4cCI6MTcyMTYxMjc1OH0.w26eNDwCNAXf93hx6bYvZU9fAtN_bFx9cppdPT6SCrU','2024-07-21 22:45:58'),(33,'eyJhbGciOiJIUzI1NiIsInR5cCI6IkpXVCJ9.eyJ1c2VyTm8iOjQsInVzZXJOYW1lIjoiYWEiLCJpYXQiOjE3MjE1Njk2NDcsImV4cCI6MTcyMTYxMjg0N30.lwTlww5ZpuhFBo7tgenHOArTHXnWkPsWRYDO3ijDEro','2024-07-21 22:47:27'),(34,'eyJhbGciOiJIUzI1NiIsInR5cCI6IkpXVCJ9.eyJ1c2VyTm8iOjQsInVzZXJOYW1lIjoiYWEiLCJpYXQiOjE3MjE1NzAwMjQsImV4cCI6MTcyMTYxMzIyNH0.mHvL93sa7jKNZOmpwedLBI4GJb6XBTH3EQXy1rQj4Aw','2024-07-21 22:53:44'),(35,'eyJhbGciOiJIUzI1NiIsInR5cCI6IkpXVCJ9.eyJ1c2VyTm8iOjQsInVzZXJOYW1lIjoiYWEiLCJpYXQiOjE3MjE1NzAwOTgsImV4cCI6MTcyMTYxMzI5OH0.U6a1PddLii-3QNhFRzVXiowblQUlwXhTLUyahG67ziU','2024-07-21 22:54:58'),(36,'eyJhbGciOiJIUzI1NiIsInR5cCI6IkpXVCJ9.eyJ1c2VyTm8iOjQsInVzZXJOYW1lIjoiYWEiLCJpYXQiOjE3MjE1NzAxNDMsImV4cCI6MTcyMTYxMzM0M30.qstDUJeMR_D3GsoxeysfwN2tQ-yTUMgcONIWtPoZePk','2024-07-21 22:55:43'),(37,'eyJhbGciOiJIUzI1NiIsInR5cCI6IkpXVCJ9.eyJ1c2VyTm8iOjQsInVzZXJOYW1lIjoiYWEiLCJpYXQiOjE3MjE1NzAxNTUsImV4cCI6MTcyMTYxMzM1NX0.cKNTxoTWQVHXTB4cFhAZr1d-QYXKWdnFk7j4y-mcmD0','2024-07-21 22:55:55'),(38,'eyJhbGciOiJIUzI1NiIsInR5cCI6IkpXVCJ9.eyJ1c2VyTm8iOjQsInVzZXJOYW1lIjoiYWEiLCJpYXQiOjE3MjE1NzAyNTQsImV4cCI6MTcyMTYxMzQ1NH0.m0EkgwQcLgIN_u_nn06QmgJ-FTDuH9MKZQuV7s_YzYk','2024-07-21 22:57:34'),(39,'eyJhbGciOiJIUzI1NiIsInR5cCI6IkpXVCJ9.eyJ1c2VyTm8iOjQsInVzZXJOYW1lIjoiYWEiLCJpYXQiOjE3MjE1NzA0MTAsImV4cCI6MTcyMTYxMzYxMH0.TGDi3YMERXLboN96kBieazv5e2Y4cauv7R9bkaVAt9k','2024-07-21 23:00:10'),(40,'eyJhbGciOiJIUzI1NiIsInR5cCI6IkpXVCJ9.eyJ1c2VyTm8iOjQsInVzZXJOYW1lIjoiYWEiLCJpYXQiOjE3MjE1NzA2MDgsImV4cCI6MTcyMTYxMzgwOH0.YUokSuM7Q6zgRp8Dh7EUwBeSjxwKz9Z2ApymQ2axWFk','2024-07-21 23:03:28'),(41,'eyJhbGciOiJIUzI1NiIsInR5cCI6IkpXVCJ9.eyJ1c2VyTm8iOjQsInVzZXJOYW1lIjoiYWEiLCJpYXQiOjE3MjE1NzA2MzEsImV4cCI6MTcyMTYxMzgzMX0.Ue2AdyQBfP3mvMa0bJvxl63cjLeqXViSJ8MgIHZWugM','2024-07-21 23:03:51'),(42,'eyJhbGciOiJIUzI1NiIsInR5cCI6IkpXVCJ9.eyJ1c2VyTm8iOjQsInVzZXJOYW1lIjoiYWEiLCJpYXQiOjE3MjE1NzMzOTQsImV4cCI6MTcyMTYxNjU5NH0.lCmpdGIB_PJhH0_fztkGiRDuSHL2-afSCQXSseNqIJo','2024-07-21 23:49:54'),(43,'eyJhbGciOiJIUzI1NiIsInR5cCI6IkpXVCJ9.eyJ1c2VyTm8iOjQsInVzZXJOYW1lIjoiYWEiLCJpYXQiOjE3MjE1Nzg5NzgsImV4cCI6MTcyMTYyMjE3OH0.1nYCLsk_roDvJSFsSDgl2UOzkb6TX810piqbkJoMa_4','2024-07-22 01:22:58'),(44,'eyJhbGciOiJIUzI1NiIsInR5cCI6IkpXVCJ9.eyJ1c2VyTm8iOjQsInVzZXJOYW1lIjoiYWEiLCJpYXQiOjE3MjE1NzkwMjAsImV4cCI6MTcyMTYyMjIyMH0.EYRCE1BbimVvm4h_kynbqvPsv6gN1TqTGPVF81qPriE','2024-07-22 01:23:40'),(45,'eyJhbGciOiJIUzI1NiIsInR5cCI6IkpXVCJ9.eyJ1c2VyTm8iOjQsInVzZXJOYW1lIjoiYWEiLCJpYXQiOjE3MjE1NzkwNTksImV4cCI6MTcyMTYyMjI1OX0.c29axqdqkzaSi1S7bD0YhT-hvXli302NaNaXvnvY3Zg','2024-07-22 01:24:19'),(46,'eyJhbGciOiJIUzI1NiIsInR5cCI6IkpXVCJ9.eyJ1c2VyTm8iOjQsInVzZXJOYW1lIjoiYWEiLCJpYXQiOjE3MjE3NDM1MjAsImV4cCI6MTcyMTc4NjcyMH0.ROhPFGZbOdXmbk2xn3oa7gxDjC15TgiFuXJEltA_lOQ','2024-07-23 23:05:20'),(47,'eyJhbGciOiJIUzI1NiIsInR5cCI6IkpXVCJ9.eyJ1c2VyTm8iOjQsInVzZXJOYW1lIjoiYWEiLCJpYXQiOjE3MjE3NDM2NjQsImV4cCI6MTcyMTc4Njg2NH0.UTPKMCb6u6q620Z_uaj_lqxPUyWLb4yHiV213FNme8g','2024-07-23 23:07:44'),(48,'eyJhbGciOiJIUzI1NiIsInR5cCI6IkpXVCJ9.eyJ1c2VyTm8iOjQsInVzZXJOYW1lIjoiYWEiLCJpYXQiOjE3MjE3NDUxNTEsImV4cCI6MTcyMTc4ODM1MX0._T85OUkLyRy3vtqZ1WXtPsaZZE5gQMzuudwYjzV_4fg','2024-07-23 23:32:31'),(49,'eyJhbGciOiJIUzI1NiIsInR5cCI6IkpXVCJ9.eyJ1c2VyTm8iOjQsInVzZXJOYW1lIjoiYWEiLCJpYXQiOjE3MjE3NDkzNzYsImV4cCI6MTcyMTc5MjU3Nn0.xyvst7Msbjau_wBk4PR_pFqj7Sp-azKTF5lZggaABcE','2024-07-24 00:42:56'),(50,'eyJhbGciOiJIUzI1NiIsInR5cCI6IkpXVCJ9.eyJ1c2VyTm8iOjQsInVzZXJOYW1lIjoiYWEiLCJpYXQiOjE3MjE3NDk0OTUsImV4cCI6MTcyMTc5MjY5NX0.3x3-DgVvUWjtH95XVRzoL06EAK9h316xzlsMPlWnrdw','2024-07-24 00:44:55'),(51,'eyJhbGciOiJIUzI1NiIsInR5cCI6IkpXVCJ9.eyJ1c2VyTm8iOjQsInVzZXJOYW1lIjoiYWEiLCJpYXQiOjE3MjE4MDUzMDIsImV4cCI6MTcyMTg0ODUwMn0.DzL4QgmuwcXWuBJZ-WXsKWcWP_Vfg7WmiP8iB91viwg','2024-07-24 16:15:02'),(52,'eyJhbGciOiJIUzI1NiIsInR5cCI6IkpXVCJ9.eyJ1c2VyTm8iOjQsInVzZXJOYW1lIjoiYWEiLCJpYXQiOjE3MjE4MTE4MzIsImV4cCI6MTcyMTg1NTAzMn0.3xsfxNC9K81lRfORSrzaf22mp0vMNLS5chYt8WESoxs','2024-07-24 18:03:52'),(53,'eyJhbGciOiJIUzI1NiIsInR5cCI6IkpXVCJ9.eyJ1c2VyTm8iOjQsInVzZXJOYW1lIjoiYWEiLCJpYXQiOjE3MjIxMDMxNDcsImV4cCI6MTcyMjE0NjM0N30.Pzktk-fZzAXVPipMTGYw361K7OxD3nED49ZfjReLdxk','2024-07-28 02:59:07'),(54,'eyJhbGciOiJIUzI1NiIsInR5cCI6IkpXVCJ9.eyJ1c2VyTm8iOjQsInVzZXJOYW1lIjoiYWEiLCJpYXQiOjE3MjIzMzc0MTUsImV4cCI6MTcyMjM4MDYxNX0.7jGhIqWxlxzOVMufckwIkGcJ931PbdbvVR8h3rUMTPM','2024-07-30 20:03:35'),(55,'eyJhbGciOiJIUzI1NiIsInR5cCI6IkpXVCJ9.eyJ1c2VyTm8iOjQsInVzZXJOYW1lIjoiYWEiLCJpYXQiOjE3MjIzNDQxMTQsImV4cCI6MTcyMjM4NzMxNH0.qjj4XkMBfLvpQbiko5BxmHEhPUN0Ii3FJR8_Js0cFlw','2024-07-30 21:55:14'),(56,'eyJhbGciOiJIUzI1NiIsInR5cCI6IkpXVCJ9.eyJ1c2VyTm8iOjQsInVzZXJOYW1lIjoiYWEiLCJpYXQiOjE3MjIzNTExMzYsImV4cCI6MTcyMjM5NDMzNn0.eFpD4QzIjlFVw1-L3BraFUXDkyupddqZSy2zhlncA-w','2024-07-30 23:52:16'),(57,'eyJhbGciOiJIUzI1NiIsInR5cCI6IkpXVCJ9.eyJ1c2VyTm8iOjQsInVzZXJOYW1lIjoiYWEiLCJpYXQiOjE3MjIzNTQ0NDAsImV4cCI6MTcyMjM5NzY0MH0.qr17ml3m432FLc5y7QxnfgCmKR8XKFyUyDAZ7P0PDmQ','2024-07-31 00:47:20'),(58,'eyJhbGciOiJIUzI1NiIsInR5cCI6IkpXVCJ9.eyJ1c2VyTm8iOjQsInVzZXJOYW1lIjoiYWEiLCJpYXQiOjE3MjIzNTc5MzgsImV4cCI6MTcyMjQwMTEzOH0.XoDHXuu3mxu-z-O3EYFgV_k7DhGv6khYeSKtj1-FNNc','2024-07-31 01:45:38'),(59,'eyJhbGciOiJIUzI1NiIsInR5cCI6IkpXVCJ9.eyJ1c2VyTm8iOjQsInVzZXJOYW1lIjoiYWEiLCJpYXQiOjE3MjIzNjAyMjYsImV4cCI6MTcyMjQwMzQyNn0.gn3YzvF1KnCW6sr-u14IAFg1TWFXxUhhOTXVLJXZrMk','2024-07-31 02:23:46'),(60,'eyJhbGciOiJIUzI1NiIsInR5cCI6IkpXVCJ9.eyJ1c2VyTm8iOjQsInVzZXJOYW1lIjoiYWEiLCJpYXQiOjE3MjIzNjI2NTgsImV4cCI6MTcyMjQwNTg1OH0.qOFzVWtCLTJe2-eWTdX_Fm4qpeKqk3Owrz462C0tr4s','2024-07-31 03:04:18'),(61,'eyJhbGciOiJIUzI1NiIsInR5cCI6IkpXVCJ9.eyJ1c2VyTm8iOjQsInVzZXJOYW1lIjoiYWEiLCJpYXQiOjE3MjIzNjM1MTksImV4cCI6MTcyMjQwNjcxOX0.Z5r8cca0BhLCvMf-5MIAYWzOn-ybSuuQ8DQk9sr-zio','2024-07-31 03:18:39'),(62,'eyJhbGciOiJIUzI1NiIsInR5cCI6IkpXVCJ9.eyJ1c2VyTm8iOjQsInVzZXJOYW1lIjoiYWEiLCJpYXQiOjE3MjI0NDYxMDQsImV4cCI6MTcyMjQ4OTMwNH0.6Pig5n6NwGEPDZq_LfUrSnvklmA2RfMvUQ6kq8Ubexw','2024-08-01 02:15:04'),(63,'eyJhbGciOiJIUzI1NiIsInR5cCI6IkpXVCJ9.eyJ1c2VyTm8iOjQsInVzZXJOYW1lIjoiYWEiLCJpYXQiOjE3MjI1ODcwNzEsImV4cCI6MTcyMjYzMDI3MX0.8-KadUu_EzrKDSbxEg0JtfiRi1IsiO4HTtPO2FQePcU','2024-08-02 17:24:31'),(64,'eyJhbGciOiJIUzI1NiIsInR5cCI6IkpXVCJ9.eyJ1c2VyTm8iOjQsInVzZXJOYW1lIjoiYWEiLCJpYXQiOjE3MjI2MTM1NTAsImV4cCI6MTcyMjY1Njc1MH0.lLxhZDBewQ2YmkbTgW7wt9ZcBSqleOYmz3iK61Y4q9g','2024-08-03 00:45:50'),(65,'eyJhbGciOiJIUzI1NiIsInR5cCI6IkpXVCJ9.eyJ1c2VyTm8iOjQsInVzZXJOYW1lIjoiYWEiLCJpYXQiOjE3MjM2MzE3OTIsImV4cCI6MTcyMzY3NDk5Mn0.Uny3flX5e1Y1QmPWhX8XAUEwYO4VD839VApCVeost-E','2024-08-14 19:36:32'),(66,'eyJhbGciOiJIUzI1NiIsInR5cCI6IkpXVCJ9.eyJ1c2VyTm8iOjQsInVzZXJOYW1lIjoiYWEiLCJpYXQiOjE3MjM2MzE4MTEsImV4cCI6MTcyMzY3NTAxMX0.Rj-UjzT2ohNXfgMRJJaTxOqfgXpeqbQTQWvwo57DJq0','2024-08-14 19:36:51'),(67,'eyJhbGciOiJIUzI1NiIsInR5cCI6IkpXVCJ9.eyJ1c2VyTm8iOjQsInVzZXJOYW1lIjoiYWEiLCJpYXQiOjE3MjM3NzQ0MjEsImV4cCI6MTcyMzgxNzYyMX0.dv2oUP3hnlM7yBkDbYy3XSsNQwlk5mFegV1J0p3tW8o','2024-08-16 11:13:41'),(68,'eyJhbGciOiJIUzI1NiIsInR5cCI6IkpXVCJ9.eyJ1c2VyTm8iOjQsInVzZXJOYW1lIjoiYWEiLCJpYXQiOjE3MjM3OTczMjMsImV4cCI6MTcyMzg0MDUyM30.6WIO7AKopJPQNo_iAEiRiA5hbNEe3ltcCs9uFOMJgbQ','2024-08-16 17:35:23'),(69,'eyJhbGciOiJIUzI1NiIsInR5cCI6IkpXVCJ9.eyJ1c2VyTm8iOjQsInVzZXJOYW1lIjoiYWEiLCJpYXQiOjE3MjQwNDg4ODAsImV4cCI6MTcyNDA5MjA4MH0.7rofW10y8t7pyq2KuFqdsQ2Y6LcspBzGh_jr6G1MBzU','2024-08-19 15:28:00'),(70,'eyJhbGciOiJIUzI1NiIsInR5cCI6IkpXVCJ9.eyJ1c2VyTm8iOjQsInVzZXJOYW1lIjoiYWEiLCJpYXQiOjE3MjQwODQyODEsImV4cCI6MTcyNDEyNzQ4MX0.FYnSzYOtjMxONMzm0C8-htJpIqtrzGqHIlY_7VXfIzw','2024-08-20 01:18:01'),(71,'eyJhbGciOiJIUzI1NiIsInR5cCI6IkpXVCJ9.eyJ1c2VyTm8iOjQsInVzZXJOYW1lIjoiYWEiLCJpYXQiOjE3MjQwODY3ODcsImV4cCI6MTcyNDEyOTk4N30.FhmGIQstRy9Aig1OluzdIz3UtgxP5xbaBK5SNWddFTs','2024-08-20 01:59:47'),(72,'eyJhbGciOiJIUzI1NiIsInR5cCI6IkpXVCJ9.eyJ1c2VyTm8iOjQsInVzZXJOYW1lIjoiYWEiLCJpYXQiOjE3MjQxNDAxMjQsImV4cCI6MTcyNDE4MzMyNH0.VQuJ7YlkVUdIdXvXtQaqs_4IEk4v-mJ6VAnjRdcuI0Y','2024-08-20 16:48:44'),(73,'eyJhbGciOiJIUzI1NiIsInR5cCI6IkpXVCJ9.eyJ1c2VyTm8iOjQsInVzZXJOYW1lIjoiYWEiLCJpYXQiOjE3MjQxNTEwMzEsImV4cCI6MTcyNDE5NDIzMX0.rGcbsDK-ZNPjx26Hjhb0HohUcqw9F1hVtaU4cJu6sn4','2024-08-20 19:50:31'),(74,'eyJhbGciOiJIUzI1NiIsInR5cCI6IkpXVCJ9.eyJ1c2VyTm8iOjQsInVzZXJOYW1lIjoiYWEiLCJpYXQiOjE3MjQxNTg5MTEsImV4cCI6MTcyNDIwMjExMX0.tnRaFHdf0fj-SO1WQWkYqFOnPcCOyeaxxSpvG76xIh0','2024-08-20 22:01:51'),(75,'eyJhbGciOiJIUzI1NiIsInR5cCI6IkpXVCJ9.eyJ1c2VyTm8iOjQsInVzZXJOYW1lIjoiYWEiLCJpYXQiOjE3MjQyMzY0OTcsImV4cCI6MTcyNDI3OTY5N30.EnV0Zi5xmchbqD3xvaXcn-4vtYGwgyHMOHXBAt3fXaw','2024-08-21 19:34:57'),(76,'eyJhbGciOiJIUzI1NiIsInR5cCI6IkpXVCJ9.eyJ1c2VyTm8iOjQsInVzZXJOYW1lIjoiYWEiLCJpYXQiOjE3MjQyNDU0MzcsImV4cCI6MTcyNDI4ODYzN30.rj0qFTwVf1ObiFu-WyK4ThhPLqdFcR5XQy--P1OZuhY','2024-08-21 22:03:57'),(77,'eyJhbGciOiJIUzI1NiIsInR5cCI6IkpXVCJ9.eyJ1c2VyTm8iOjQsInVzZXJOYW1lIjoiYWEiLCJpYXQiOjE3MjQyNDU0NTYsImV4cCI6MTcyNDI4ODY1Nn0.Gr98TuvAA8K5hnJWCpyylslDpqcttjmAPT2WjLXkhTw','2024-08-21 22:04:16'),(78,'eyJhbGciOiJIUzI1NiIsInR5cCI6IkpXVCJ9.eyJ1c2VyTm8iOjQsInVzZXJOYW1lIjoiYWEiLCJpYXQiOjE3MjQyNDU1MzMsImV4cCI6MTcyNDI4ODczM30.IFRKAfDAwv8bwuICan_DicqJRbQQTzd1T1yxAdTQxRY','2024-08-21 22:05:33'),(79,'eyJhbGciOiJIUzI1NiIsInR5cCI6IkpXVCJ9.eyJ1c2VyTm8iOjQsInVzZXJOYW1lIjoiYWEiLCJpYXQiOjE3MjQyNDU1NDUsImV4cCI6MTcyNDI4ODc0NX0.FV4PLnEAXKGhLo9Jr_5Y3jFM2iCqahMktU-0pzs1j4k','2024-08-21 22:05:45'),(80,'eyJhbGciOiJIUzI1NiIsInR5cCI6IkpXVCJ9.eyJ1c2VyTm8iOjQsInVzZXJOYW1lIjoiYWEiLCJpYXQiOjE3MjQzMTMzODIsImV4cCI6MTcyNDM1NjU4Mn0.81l9vDj8pI6NmZSDuAHeSEWfMSqD0RRf8p864DziKDk','2024-08-22 16:56:22'),(81,'eyJhbGciOiJIUzI1NiIsInR5cCI6IkpXVCJ9.eyJ1c2VyTm8iOjUsInVzZXJOYW1lIjoiYmIiLCJpYXQiOjE3MjQzMzY4NTEsImV4cCI6MTcyNDM4MDA1MX0.xCyNUw7zpJGxPXluzWkSjMXqgD73_R_9xVxsgbq878M','2024-08-22 23:27:31');
/*!40000 ALTER TABLE `token` ENABLE KEYS */;
UNLOCK TABLES;
/*!40103 SET TIME_ZONE=@OLD_TIME_ZONE */;

/*!40101 SET SQL_MODE=@OLD_SQL_MODE */;
/*!40014 SET FOREIGN_KEY_CHECKS=@OLD_FOREIGN_KEY_CHECKS */;
/*!40014 SET UNIQUE_CHECKS=@OLD_UNIQUE_CHECKS */;
/*!40101 SET CHARACTER_SET_CLIENT=@OLD_CHARACTER_SET_CLIENT */;
/*!40101 SET CHARACTER_SET_RESULTS=@OLD_CHARACTER_SET_RESULTS */;
/*!40101 SET COLLATION_CONNECTION=@OLD_COLLATION_CONNECTION */;
/*!40111 SET SQL_NOTES=@OLD_SQL_NOTES */;

-- Dump completed on 2024-08-23  2:24:01
