-- MySQL dump 10.13  Distrib 8.0.36, for Win64 (x86_64)
--
-- Host: 127.0.0.1    Database: my_db
-- ------------------------------------------------------
-- Server version	8.0.37

/*!40101 SET @OLD_CHARACTER_SET_CLIENT=@@CHARACTER_SET_CLIENT */;
/*!40101 SET @OLD_CHARACTER_SET_RESULTS=@@CHARACTER_SET_RESULTS */;
/*!40101 SET @OLD_COLLATION_CONNECTION=@@COLLATION_CONNECTION */;
/*!50503 SET NAMES utf8 */;
/*!40103 SET @OLD_TIME_ZONE=@@TIME_ZONE */;
/*!40103 SET TIME_ZONE='+00:00' */;
/*!40014 SET @OLD_UNIQUE_CHECKS=@@UNIQUE_CHECKS, UNIQUE_CHECKS=0 */;
/*!40014 SET @OLD_FOREIGN_KEY_CHECKS=@@FOREIGN_KEY_CHECKS, FOREIGN_KEY_CHECKS=0 */;
/*!40101 SET @OLD_SQL_MODE=@@SQL_MODE, SQL_MODE='NO_AUTO_VALUE_ON_ZERO' */;
/*!40111 SET @OLD_SQL_NOTES=@@SQL_NOTES, SQL_NOTES=0 */;

--
-- Table structure for table `board`
--

DROP TABLE IF EXISTS `board`;
/*!40101 SET @saved_cs_client     = @@character_set_client */;
/*!50503 SET character_set_client = utf8mb4 */;
CREATE TABLE `board` (
  `boardNo` int NOT NULL AUTO_INCREMENT,
  `title` varchar(100) CHARACTER SET utf8mb3 COLLATE utf8mb3_unicode_ci NOT NULL,
  `content` text CHARACTER SET utf8mb3 COLLATE utf8mb3_unicode_ci,
  `regDate` datetime NOT NULL,
  `userNo` int DEFAULT NULL,
  `userName` varchar(45) COLLATE utf8mb3_unicode_ci DEFAULT NULL,
  PRIMARY KEY (`boardNo`)
) ENGINE=InnoDB AUTO_INCREMENT=27 DEFAULT CHARSET=utf8mb3 COLLATE=utf8mb3_unicode_ci;
/*!40101 SET character_set_client = @saved_cs_client */;

--
-- Dumping data for table `board`
--

LOCK TABLES `board` WRITE;
/*!40000 ALTER TABLE `board` DISABLE KEYS */;
INSERT INTO `board` VALUES (11,'게시글 등록!','안녕','2024-06-26 02:29:57',1,'첫번째회원'),(12,'게시글 등록ㅎㅇ','ㅎㅇㅎㅇㅎㅇㅎㅎㅇ','2024-06-26 02:31:28',2,'사용자2'),(13,'ㅇㅇㅇ','ㅇㅇㅇ','2024-06-28 14:17:16',1,'첫번째회원'),(17,'test','test222333','2024-07-19 02:53:13',4,'aa'),(18,'test2','test','2024-07-19 19:08:58',4,'aa'),(19,'test3','test','2024-07-19 19:09:04',4,'aa'),(20,'test4','testaaaa','2024-07-19 19:09:08',4,'aa'),(21,'test5','test','2024-07-22 00:50:02',4,'aa'),(22,'test6','test','2024-07-22 00:50:06',4,'aa'),(23,'test7','test','2024-07-22 00:50:23',4,'aa');
/*!40000 ALTER TABLE `board` ENABLE KEYS */;
UNLOCK TABLES;

--
-- Table structure for table `comment`
--

DROP TABLE IF EXISTS `comment`;
/*!40101 SET @saved_cs_client     = @@character_set_client */;
/*!50503 SET character_set_client = utf8mb4 */;
CREATE TABLE `comment` (
  `commentNo` int NOT NULL AUTO_INCREMENT,
  `boardNo` int NOT NULL,
  `userNo` int NOT NULL,
  `userName` varchar(45) COLLATE utf8mb3_unicode_ci NOT NULL,
  `comment` varchar(200) COLLATE utf8mb3_unicode_ci NOT NULL,
  `regDate` datetime DEFAULT NULL,
  PRIMARY KEY (`commentNo`)
) ENGINE=InnoDB AUTO_INCREMENT=4 DEFAULT CHARSET=utf8mb3 COLLATE=utf8mb3_unicode_ci;
/*!40101 SET character_set_client = @saved_cs_client */;

--
-- Dumping data for table `comment`
--

LOCK TABLES `comment` WRITE;
/*!40000 ALTER TABLE `comment` DISABLE KEYS */;
INSERT INTO `comment` VALUES (1,13,1,'첫번째회원','댓글 테스트','2024-06-28 17:40:17'),(2,13,1,'첫번째회원','두번째 댓글','2024-06-28 17:55:33'),(3,13,1,'첫번째회원','세번째 댓글','2024-06-28 17:58:10');
/*!40000 ALTER TABLE `comment` ENABLE KEYS */;
UNLOCK TABLES;

--
-- Table structure for table `member`
--

DROP TABLE IF EXISTS `member`;
/*!40101 SET @saved_cs_client     = @@character_set_client */;
/*!50503 SET character_set_client = utf8mb4 */;
CREATE TABLE `member` (
  `userNo` int NOT NULL AUTO_INCREMENT,
  `userId` varchar(45) COLLATE utf8mb3_unicode_ci NOT NULL,
  `userPw` varchar(60) COLLATE utf8mb3_unicode_ci NOT NULL,
  `userName` varchar(45) COLLATE utf8mb3_unicode_ci NOT NULL,
  `regDate` datetime DEFAULT NULL,
  PRIMARY KEY (`userNo`),
  UNIQUE KEY `userId_UNIQUE` (`userId`)
) ENGINE=InnoDB AUTO_INCREMENT=5 DEFAULT CHARSET=utf8mb3 COLLATE=utf8mb3_unicode_ci;
/*!40101 SET character_set_client = @saved_cs_client */;

--
-- Dumping data for table `member`
--

LOCK TABLES `member` WRITE;
/*!40000 ALTER TABLE `member` DISABLE KEYS */;
INSERT INTO `member` VALUES (1,'test','1234','첫번째회원','2024-01-01 10:30:00'),(2,'test2','1234','사용자2','2024-06-23 23:20:10'),(3,'test3','1234','사용자3','2024-06-23 23:22:50'),(4,'aa','$2b$10$9lqVwQ4hbHJQXamAEdjrleZ0O0gAYyxJd0UiFIjYvTKFuYOr02G2m','aa','2024-07-15 00:05:44');
/*!40000 ALTER TABLE `member` ENABLE KEYS */;
UNLOCK TABLES;

--
-- Table structure for table `my_stadium`
--

DROP TABLE IF EXISTS `my_stadium`;
/*!40101 SET @saved_cs_client     = @@character_set_client */;
/*!50503 SET character_set_client = utf8mb4 */;
CREATE TABLE `my_stadium` (
  `myStadiumNo` int NOT NULL AUTO_INCREMENT,
  `userNo` int NOT NULL,
  `mapId` varchar(45) COLLATE utf8mb3_unicode_ci NOT NULL,
  `place_name` varchar(50) COLLATE utf8mb3_unicode_ci NOT NULL,
  `road_address_name` varchar(100) COLLATE utf8mb3_unicode_ci DEFAULT NULL,
  `address_name` varchar(100) COLLATE utf8mb3_unicode_ci DEFAULT NULL,
  `x` varchar(20) COLLATE utf8mb3_unicode_ci NOT NULL,
  `y` varchar(20) COLLATE utf8mb3_unicode_ci NOT NULL,
  PRIMARY KEY (`myStadiumNo`)
) ENGINE=InnoDB AUTO_INCREMENT=8 DEFAULT CHARSET=utf8mb3 COLLATE=utf8mb3_unicode_ci;
/*!40101 SET character_set_client = @saved_cs_client */;

--
-- Dumping data for table `my_stadium`
--

LOCK TABLES `my_stadium` WRITE;
/*!40000 ALTER TABLE `my_stadium` DISABLE KEYS */;
INSERT INTO `my_stadium` VALUES (4,4,'855289705','HM풋살파크 서수원점','경기 수원시 권선구 금곡로 236','경기 수원시 권선구 금곡동 1116','126.955914246631','37.2744068660267'),(5,4,'143948967','호매실 풋살파크','경기 수원시 권선구 칠보로159번길 26','경기 수원시 권선구 호매실동 1368','126.957190370306','37.2668313808535'),(6,4,'130756566','낫소풋살파크','경기 수원시 권선구 금호로 83-8','경기 수원시 권선구 금곡동 1141','126.959196585295','37.2720419099752'),(7,4,'495909176','수원노총스포츠파크','경기 수원시 권선구 호매실로 46-16','경기 수원시 권선구 탑동 903','126.969627430022','37.2566372259232');
/*!40000 ALTER TABLE `my_stadium` ENABLE KEYS */;
UNLOCK TABLES;

--
-- Table structure for table `token`
--

DROP TABLE IF EXISTS `token`;
/*!40101 SET @saved_cs_client     = @@character_set_client */;
/*!50503 SET character_set_client = utf8mb4 */;
CREATE TABLE `token` (
  `tokenNo` int NOT NULL AUTO_INCREMENT,
  `refreshToken` varchar(200) COLLATE utf8mb3_unicode_ci NOT NULL,
  `regDate` datetime NOT NULL,
  PRIMARY KEY (`tokenNo`)
) ENGINE=InnoDB AUTO_INCREMENT=54 DEFAULT CHARSET=utf8mb3 COLLATE=utf8mb3_unicode_ci;
/*!40101 SET character_set_client = @saved_cs_client */;

--
-- Dumping data for table `token`
--

LOCK TABLES `token` WRITE;
/*!40000 ALTER TABLE `token` DISABLE KEYS */;
INSERT INTO `token` VALUES (1,'eyJhbGciOiJIUzI1NiIsInR5cCI6IkpXVCJ9.eyJ1c2VySWQiOiJhYSIsInVzZXJOYW1lIjoiYWEiLCJpYXQiOjE3MjEwNjQ5MTIsImV4cCI6MTcyMTY2OTcxMn0.kznfB8suTPzTCIR443kI0shUp3Aft893n2PHCNoXLeA','2024-07-16 02:35:12'),(2,'eyJhbGciOiJIUzI1NiIsInR5cCI6IkpXVCJ9.eyJ1c2VySWQiOiJhYSIsInVzZXJOYW1lIjoiYWEiLCJpYXQiOjE3MjEwNjQ5MTYsImV4cCI6MTcyMTY2OTcxNn0.nJ-h4QFUhu0G1RlmXB79SbCZyCRzINgkt5HgsAj0u4Q','2024-07-16 02:35:16'),(3,'eyJhbGciOiJIUzI1NiIsInR5cCI6IkpXVCJ9.eyJ1c2VySWQiOiJhYSIsInVzZXJOYW1lIjoiYWEiLCJpYXQiOjE3MjExMTAyMTUsImV4cCI6MTcyMTcxNTAxNX0.aJc2MuTDmTjs26FH17MIokU6vKVKOgxVnuaCFWmO28k','2024-07-16 15:10:15'),(4,'eyJhbGciOiJIUzI1NiIsInR5cCI6IkpXVCJ9.eyJ1c2VySWQiOiJhYSIsInVzZXJOYW1lIjoiYWEiLCJpYXQiOjE3MjExMTA2NDgsImV4cCI6MTcyMTcxNTQ0OH0.iTSTRdfFQ1KaIHzaAERNku-C1Oqc9nKf_IFVhOHekXE','2024-07-16 15:17:28'),(5,'eyJhbGciOiJIUzI1NiIsInR5cCI6IkpXVCJ9.eyJ1c2VySWQiOiJhYSIsInVzZXJOYW1lIjoiYWEiLCJpYXQiOjE3MjExMTIzNDksImV4cCI6MTcyMTcxNzE0OX0.AkaGWFONDZC9xGCKq3hPQ6VRyDuDS6FVsEjG1421MtY','2024-07-16 15:45:49'),(6,'eyJhbGciOiJIUzI1NiIsInR5cCI6IkpXVCJ9.eyJ1c2VySWQiOiJhYSIsInVzZXJOYW1lIjoiYWEiLCJpYXQiOjE3MjExMTI3NTQsImV4cCI6MTcyMTcxNzU1NH0.Nc_qCawpQETcWCpGT4ztwGh-RAbTSXBRmlzAkWG3-v8','2024-07-16 15:52:34'),(7,'eyJhbGciOiJIUzI1NiIsInR5cCI6IkpXVCJ9.eyJ1c2VySWQiOiJhYSIsInVzZXJOYW1lIjoiYWEiLCJpYXQiOjE3MjExMTI5NDcsImV4cCI6MTcyMTcxNzc0N30.KZ0GsdG0KxI8uYuWlFRQ4EUvh65vRVkZ8P6nPdily58','2024-07-16 15:55:47'),(8,'eyJhbGciOiJIUzI1NiIsInR5cCI6IkpXVCJ9.eyJ1c2VySWQiOiJhYSIsInVzZXJOYW1lIjoiYWEiLCJpYXQiOjE3MjExMTMwMDUsImV4cCI6MTcyMTcxNzgwNX0.b7lUx2OjSCSrJo5udmCVEFk_o2zIueYcRFqddN2IlmI','2024-07-16 15:56:45'),(9,'eyJhbGciOiJIUzI1NiIsInR5cCI6IkpXVCJ9.eyJ1c2VySWQiOiJhYSIsInVzZXJOYW1lIjoiYWEiLCJpYXQiOjE3MjExMTMwNTAsImV4cCI6MTcyMTcxNzg1MH0.b1CdN_KoEmMq1DJLhEAUXtPVAI5LMBe9jRbeL7sDmpM','2024-07-16 15:57:30'),(10,'eyJhbGciOiJIUzI1NiIsInR5cCI6IkpXVCJ9.eyJ1c2VySWQiOiJhYSIsInVzZXJOYW1lIjoiYWEiLCJpYXQiOjE3MjExMTMwNjAsImV4cCI6MTcyMTcxNzg2MH0.HgPdJcRGwjbAbeE3mGDqwx6RBynRkw22JDTFz5F4LUs','2024-07-16 15:57:40'),(11,'eyJhbGciOiJIUzI1NiIsInR5cCI6IkpXVCJ9.eyJ1c2VySWQiOiJhYSIsInVzZXJOYW1lIjoiYWEiLCJpYXQiOjE3MjExMTMwOTAsImV4cCI6MTcyMTcxNzg5MH0.DbzMhE7zsVu_edfTwbG3YSBsfEa3AlyAs3a25Azw4eo','2024-07-16 15:58:10'),(12,'eyJhbGciOiJIUzI1NiIsInR5cCI6IkpXVCJ9.eyJ1c2VySWQiOiJhYSIsInVzZXJOYW1lIjoiYWEiLCJpYXQiOjE3MjExMTMxMzEsImV4cCI6MTcyMTcxNzkzMX0.gkGy0C-Jhx_QJRlVREJnrEqAAYdSZnUsm9xrKlYRUJU','2024-07-16 15:58:51'),(13,'eyJhbGciOiJIUzI1NiIsInR5cCI6IkpXVCJ9.eyJ1c2VySWQiOiJhYSIsInVzZXJOYW1lIjoiYWEiLCJpYXQiOjE3MjExMTMxODksImV4cCI6MTcyMTcxNzk4OX0.AXlPOJv-g2hA79oSdpftjPamfbG8cR_3LOyjT-NjNu4','2024-07-16 15:59:49'),(14,'eyJhbGciOiJIUzI1NiIsInR5cCI6IkpXVCJ9.eyJ1c2VySWQiOiJhYSIsInVzZXJOYW1lIjoiYWEiLCJpYXQiOjE3MjExMjQ0NzQsImV4cCI6MTcyMTcyOTI3NH0.bCOA92opnekXBfmmItr8gujsM2URL2FS_7FKIUNJMhk','2024-07-16 19:07:54'),(15,'eyJhbGciOiJIUzI1NiIsInR5cCI6IkpXVCJ9.eyJ1c2VySWQiOiJhYSIsInVzZXJOYW1lIjoiYWEiLCJpYXQiOjE3MjEzMDI2NzgsImV4cCI6MTcyMTkwNzQ3OH0.yi0cvR3dYHA-9DI1o-9b3yU6JHI57-y9ddxgdUX9U7o','2024-07-18 20:37:58'),(16,'eyJhbGciOiJIUzI1NiIsInR5cCI6IkpXVCJ9.eyJ1c2VySWQiOiJhYSIsInVzZXJOYW1lIjoiYWEiLCJpYXQiOjE3MjEzMDI3OTAsImV4cCI6MTcyMTkwNzU5MH0.JX1x6o9V1AB7Xd9OGiv6H5siwE-bNpSkrBJVEXC1s1I','2024-07-18 20:39:50'),(17,'eyJhbGciOiJIUzI1NiIsInR5cCI6IkpXVCJ9.eyJ1c2VySWQiOiJhYSIsInVzZXJOYW1lIjoiYWEiLCJpYXQiOjE3MjEzMDQ5MTIsImV4cCI6MTcyMTkwOTcxMn0.rgFW_7GMXNLWsYxt9sDJFnqv5UuZ8S4kiA9UC9dhlyo','2024-07-18 21:15:12'),(18,'eyJhbGciOiJIUzI1NiIsInR5cCI6IkpXVCJ9.eyJ1c2VySWQiOiJhYSIsInVzZXJOYW1lIjoiYWEiLCJpYXQiOjE3MjEzMDQ5MjYsImV4cCI6MTcyMTkwOTcyNn0.eeYIlrVTn6O1jUbjJwuNKfASltisuBUbxi8XR4Lo9xA','2024-07-18 21:15:26'),(19,'eyJhbGciOiJIUzI1NiIsInR5cCI6IkpXVCJ9.eyJ1c2VySWQiOiJhYSIsInVzZXJOYW1lIjoiYWEiLCJpYXQiOjE3MjEzMDQ5NDYsImV4cCI6MTcyMTkwOTc0Nn0.sjCwLb-fZb5ouD77Q1vnrPAzkZAHK5aaaWTN_6eZnGg','2024-07-18 21:15:46'),(20,'eyJhbGciOiJIUzI1NiIsInR5cCI6IkpXVCJ9.eyJ1c2VySWQiOiJhYSIsInVzZXJOYW1lIjoiYWEiLCJpYXQiOjE3MjEzMDQ5ODYsImV4cCI6MTcyMTkwOTc4Nn0.e974msJ6BiMFUgAmjYbfLuarFe9WWgDW0zflnsdruuc','2024-07-18 21:16:26'),(21,'eyJhbGciOiJIUzI1NiIsInR5cCI6IkpXVCJ9.eyJ1c2VySWQiOiJhYSIsInVzZXJOYW1lIjoiYWEiLCJpYXQiOjE3MjEzMDUwMDIsImV4cCI6MTcyMTkwOTgwMn0.6Tk3tfQ7PkyLpz7grw-WrnucpaOrOx-71UR3xViDzeM','2024-07-18 21:16:42'),(22,'eyJhbGciOiJIUzI1NiIsInR5cCI6IkpXVCJ9.eyJ1c2VyTm8iOjQsInVzZXJOYW1lIjoiYWEiLCJpYXQiOjE3MjEzMDc2NjUsImV4cCI6MTcyMTkxMjQ2NX0.XBaJFIziDZrmIz3FZTEzv9TwPt52BZaSUWjRKrVenVc','2024-07-18 22:01:05'),(23,'eyJhbGciOiJIUzI1NiIsInR5cCI6IkpXVCJ9.eyJ1c2VyTm8iOjQsInVzZXJOYW1lIjoiYWEiLCJpYXQiOjE3MjEzMjA2MTUsImV4cCI6MTcyMTkyNTQxNX0.kYRGxYPn9rNPvctN9s5Pu11kEQdC-6Yvj_kiUQdtSLU','2024-07-19 01:36:55'),(24,'eyJhbGciOiJIUzI1NiIsInR5cCI6IkpXVCJ9.eyJ1c2VyTm8iOjQsInVzZXJOYW1lIjoiYWEiLCJpYXQiOjE3MjEzMjEyNzEsImV4cCI6MTcyMTkyNjA3MX0.MdQhOFAThv8E_QdNQv6bxHVL9VZneizp-9IzPYMRrk4','2024-07-19 01:47:51'),(25,'eyJhbGciOiJIUzI1NiIsInR5cCI6IkpXVCJ9.eyJ1c2VyTm8iOjQsInVzZXJOYW1lIjoiYWEiLCJpYXQiOjE3MjEzMjEzMjAsImV4cCI6MTcyMTkyNjEyMH0.Y1DCzTwAwuDeduqRdsG5wEJfEs2f_hKwfFUSqmJqoO4','2024-07-19 01:48:40'),(26,'eyJhbGciOiJIUzI1NiIsInR5cCI6IkpXVCJ9.eyJ1c2VyTm8iOjQsInVzZXJOYW1lIjoiYWEiLCJpYXQiOjE3MjEzMjQ5OTQsImV4cCI6MTcyMTkyOTc5NH0.26dMOPYQlicS5Q-OV6d1dWpIW4G6BQEdpbG8eDzXWKE','2024-07-19 02:49:54'),(27,'eyJhbGciOiJIUzI1NiIsInR5cCI6IkpXVCJ9.eyJ1c2VyTm8iOjQsInVzZXJOYW1lIjoiYWEiLCJpYXQiOjE3MjEzNzY4OTYsImV4cCI6MTcyMTk4MTY5Nn0.U82780xs5ZNpxNO7gbPvqCOSkaLTzig-ORm2c9RA3oc','2024-07-19 17:14:56'),(28,'eyJhbGciOiJIUzI1NiIsInR5cCI6IkpXVCJ9.eyJ1c2VyTm8iOjQsInVzZXJOYW1lIjoiYWEiLCJpYXQiOjE3MjEzNzgwMjQsImV4cCI6MTcyMTk4MjgyNH0.1-YupjULLUYg40a41tSztheLlPrF_KtzzdJj5uUC1Fk','2024-07-19 17:33:44'),(29,'eyJhbGciOiJIUzI1NiIsInR5cCI6IkpXVCJ9.eyJ1c2VyTm8iOjQsInVzZXJOYW1lIjoiYWEiLCJpYXQiOjE3MjEzNzgwMzUsImV4cCI6MTcyMTk4MjgzNX0.jtr9pzddO-dsMZyEMMH9jDde-n6uQ7SUjPv4lncSCWU','2024-07-19 17:33:55'),(30,'eyJhbGciOiJIUzI1NiIsInR5cCI6IkpXVCJ9.eyJ1c2VyTm8iOjQsInVzZXJOYW1lIjoiYWEiLCJpYXQiOjE3MjEzODM3MzIsImV4cCI6MTcyMTk4ODUzMn0.AQAi-GQkdjISaAedKJmYDbCImMJh2fH_dHGlZ0c-4A8','2024-07-19 19:08:52'),(31,'eyJhbGciOiJIUzI1NiIsInR5cCI6IkpXVCJ9.eyJ1c2VyTm8iOjQsInVzZXJOYW1lIjoiYWEiLCJpYXQiOjE3MjE1Njk1MjIsImV4cCI6MTcyMTYxMjcyMn0.z6yFcwwz3NWJnbxZfzKzh4mN84sZmv7-DfWwrz_xE-w','2024-07-21 22:45:22'),(32,'eyJhbGciOiJIUzI1NiIsInR5cCI6IkpXVCJ9.eyJ1c2VyTm8iOjQsInVzZXJOYW1lIjoiYWEiLCJpYXQiOjE3MjE1Njk1NTgsImV4cCI6MTcyMTYxMjc1OH0.w26eNDwCNAXf93hx6bYvZU9fAtN_bFx9cppdPT6SCrU','2024-07-21 22:45:58'),(33,'eyJhbGciOiJIUzI1NiIsInR5cCI6IkpXVCJ9.eyJ1c2VyTm8iOjQsInVzZXJOYW1lIjoiYWEiLCJpYXQiOjE3MjE1Njk2NDcsImV4cCI6MTcyMTYxMjg0N30.lwTlww5ZpuhFBo7tgenHOArTHXnWkPsWRYDO3ijDEro','2024-07-21 22:47:27'),(34,'eyJhbGciOiJIUzI1NiIsInR5cCI6IkpXVCJ9.eyJ1c2VyTm8iOjQsInVzZXJOYW1lIjoiYWEiLCJpYXQiOjE3MjE1NzAwMjQsImV4cCI6MTcyMTYxMzIyNH0.mHvL93sa7jKNZOmpwedLBI4GJb6XBTH3EQXy1rQj4Aw','2024-07-21 22:53:44'),(35,'eyJhbGciOiJIUzI1NiIsInR5cCI6IkpXVCJ9.eyJ1c2VyTm8iOjQsInVzZXJOYW1lIjoiYWEiLCJpYXQiOjE3MjE1NzAwOTgsImV4cCI6MTcyMTYxMzI5OH0.U6a1PddLii-3QNhFRzVXiowblQUlwXhTLUyahG67ziU','2024-07-21 22:54:58'),(36,'eyJhbGciOiJIUzI1NiIsInR5cCI6IkpXVCJ9.eyJ1c2VyTm8iOjQsInVzZXJOYW1lIjoiYWEiLCJpYXQiOjE3MjE1NzAxNDMsImV4cCI6MTcyMTYxMzM0M30.qstDUJeMR_D3GsoxeysfwN2tQ-yTUMgcONIWtPoZePk','2024-07-21 22:55:43'),(37,'eyJhbGciOiJIUzI1NiIsInR5cCI6IkpXVCJ9.eyJ1c2VyTm8iOjQsInVzZXJOYW1lIjoiYWEiLCJpYXQiOjE3MjE1NzAxNTUsImV4cCI6MTcyMTYxMzM1NX0.cKNTxoTWQVHXTB4cFhAZr1d-QYXKWdnFk7j4y-mcmD0','2024-07-21 22:55:55'),(38,'eyJhbGciOiJIUzI1NiIsInR5cCI6IkpXVCJ9.eyJ1c2VyTm8iOjQsInVzZXJOYW1lIjoiYWEiLCJpYXQiOjE3MjE1NzAyNTQsImV4cCI6MTcyMTYxMzQ1NH0.m0EkgwQcLgIN_u_nn06QmgJ-FTDuH9MKZQuV7s_YzYk','2024-07-21 22:57:34'),(39,'eyJhbGciOiJIUzI1NiIsInR5cCI6IkpXVCJ9.eyJ1c2VyTm8iOjQsInVzZXJOYW1lIjoiYWEiLCJpYXQiOjE3MjE1NzA0MTAsImV4cCI6MTcyMTYxMzYxMH0.TGDi3YMERXLboN96kBieazv5e2Y4cauv7R9bkaVAt9k','2024-07-21 23:00:10'),(40,'eyJhbGciOiJIUzI1NiIsInR5cCI6IkpXVCJ9.eyJ1c2VyTm8iOjQsInVzZXJOYW1lIjoiYWEiLCJpYXQiOjE3MjE1NzA2MDgsImV4cCI6MTcyMTYxMzgwOH0.YUokSuM7Q6zgRp8Dh7EUwBeSjxwKz9Z2ApymQ2axWFk','2024-07-21 23:03:28'),(41,'eyJhbGciOiJIUzI1NiIsInR5cCI6IkpXVCJ9.eyJ1c2VyTm8iOjQsInVzZXJOYW1lIjoiYWEiLCJpYXQiOjE3MjE1NzA2MzEsImV4cCI6MTcyMTYxMzgzMX0.Ue2AdyQBfP3mvMa0bJvxl63cjLeqXViSJ8MgIHZWugM','2024-07-21 23:03:51'),(42,'eyJhbGciOiJIUzI1NiIsInR5cCI6IkpXVCJ9.eyJ1c2VyTm8iOjQsInVzZXJOYW1lIjoiYWEiLCJpYXQiOjE3MjE1NzMzOTQsImV4cCI6MTcyMTYxNjU5NH0.lCmpdGIB_PJhH0_fztkGiRDuSHL2-afSCQXSseNqIJo','2024-07-21 23:49:54'),(43,'eyJhbGciOiJIUzI1NiIsInR5cCI6IkpXVCJ9.eyJ1c2VyTm8iOjQsInVzZXJOYW1lIjoiYWEiLCJpYXQiOjE3MjE1Nzg5NzgsImV4cCI6MTcyMTYyMjE3OH0.1nYCLsk_roDvJSFsSDgl2UOzkb6TX810piqbkJoMa_4','2024-07-22 01:22:58'),(44,'eyJhbGciOiJIUzI1NiIsInR5cCI6IkpXVCJ9.eyJ1c2VyTm8iOjQsInVzZXJOYW1lIjoiYWEiLCJpYXQiOjE3MjE1NzkwMjAsImV4cCI6MTcyMTYyMjIyMH0.EYRCE1BbimVvm4h_kynbqvPsv6gN1TqTGPVF81qPriE','2024-07-22 01:23:40'),(45,'eyJhbGciOiJIUzI1NiIsInR5cCI6IkpXVCJ9.eyJ1c2VyTm8iOjQsInVzZXJOYW1lIjoiYWEiLCJpYXQiOjE3MjE1NzkwNTksImV4cCI6MTcyMTYyMjI1OX0.c29axqdqkzaSi1S7bD0YhT-hvXli302NaNaXvnvY3Zg','2024-07-22 01:24:19'),(46,'eyJhbGciOiJIUzI1NiIsInR5cCI6IkpXVCJ9.eyJ1c2VyTm8iOjQsInVzZXJOYW1lIjoiYWEiLCJpYXQiOjE3MjE3NDM1MjAsImV4cCI6MTcyMTc4NjcyMH0.ROhPFGZbOdXmbk2xn3oa7gxDjC15TgiFuXJEltA_lOQ','2024-07-23 23:05:20'),(47,'eyJhbGciOiJIUzI1NiIsInR5cCI6IkpXVCJ9.eyJ1c2VyTm8iOjQsInVzZXJOYW1lIjoiYWEiLCJpYXQiOjE3MjE3NDM2NjQsImV4cCI6MTcyMTc4Njg2NH0.UTPKMCb6u6q620Z_uaj_lqxPUyWLb4yHiV213FNme8g','2024-07-23 23:07:44'),(48,'eyJhbGciOiJIUzI1NiIsInR5cCI6IkpXVCJ9.eyJ1c2VyTm8iOjQsInVzZXJOYW1lIjoiYWEiLCJpYXQiOjE3MjE3NDUxNTEsImV4cCI6MTcyMTc4ODM1MX0._T85OUkLyRy3vtqZ1WXtPsaZZE5gQMzuudwYjzV_4fg','2024-07-23 23:32:31'),(49,'eyJhbGciOiJIUzI1NiIsInR5cCI6IkpXVCJ9.eyJ1c2VyTm8iOjQsInVzZXJOYW1lIjoiYWEiLCJpYXQiOjE3MjE3NDkzNzYsImV4cCI6MTcyMTc5MjU3Nn0.xyvst7Msbjau_wBk4PR_pFqj7Sp-azKTF5lZggaABcE','2024-07-24 00:42:56'),(50,'eyJhbGciOiJIUzI1NiIsInR5cCI6IkpXVCJ9.eyJ1c2VyTm8iOjQsInVzZXJOYW1lIjoiYWEiLCJpYXQiOjE3MjE3NDk0OTUsImV4cCI6MTcyMTc5MjY5NX0.3x3-DgVvUWjtH95XVRzoL06EAK9h316xzlsMPlWnrdw','2024-07-24 00:44:55'),(51,'eyJhbGciOiJIUzI1NiIsInR5cCI6IkpXVCJ9.eyJ1c2VyTm8iOjQsInVzZXJOYW1lIjoiYWEiLCJpYXQiOjE3MjE4MDUzMDIsImV4cCI6MTcyMTg0ODUwMn0.DzL4QgmuwcXWuBJZ-WXsKWcWP_Vfg7WmiP8iB91viwg','2024-07-24 16:15:02'),(52,'eyJhbGciOiJIUzI1NiIsInR5cCI6IkpXVCJ9.eyJ1c2VyTm8iOjQsInVzZXJOYW1lIjoiYWEiLCJpYXQiOjE3MjE4MTE4MzIsImV4cCI6MTcyMTg1NTAzMn0.3xsfxNC9K81lRfORSrzaf22mp0vMNLS5chYt8WESoxs','2024-07-24 18:03:52'),(53,'eyJhbGciOiJIUzI1NiIsInR5cCI6IkpXVCJ9.eyJ1c2VyTm8iOjQsInVzZXJOYW1lIjoiYWEiLCJpYXQiOjE3MjIxMDMxNDcsImV4cCI6MTcyMjE0NjM0N30.Pzktk-fZzAXVPipMTGYw361K7OxD3nED49ZfjReLdxk','2024-07-28 02:59:07');
/*!40000 ALTER TABLE `token` ENABLE KEYS */;
UNLOCK TABLES;
/*!40103 SET TIME_ZONE=@OLD_TIME_ZONE */;

/*!40101 SET SQL_MODE=@OLD_SQL_MODE */;
/*!40014 SET FOREIGN_KEY_CHECKS=@OLD_FOREIGN_KEY_CHECKS */;
/*!40014 SET UNIQUE_CHECKS=@OLD_UNIQUE_CHECKS */;
/*!40101 SET CHARACTER_SET_CLIENT=@OLD_CHARACTER_SET_CLIENT */;
/*!40101 SET CHARACTER_SET_RESULTS=@OLD_CHARACTER_SET_RESULTS */;
/*!40101 SET COLLATION_CONNECTION=@OLD_COLLATION_CONNECTION */;
/*!40111 SET SQL_NOTES=@OLD_SQL_NOTES */;

-- Dump completed on 2024-07-28 16:28:56
